"Kod";"Nazwa";"Płeć";"Kraj obywatelstwa";"Rok";"Wartosc";"Jednostka miary";"Atrybut";
0200000;"DOLNOŚLĄSKIE";"ogółem";"bezpaństwowcy";"2011";218;"osoba";"";
0200000;"DOLNOŚLĄSKIE";"ogółem";"obywatelstwo nieustalone";"2011";1189;"osoba";"";
0200000;"DOLNOŚLĄSKIE";"ogółem";"Arabia Saudyjska";"2011";0;"osoba";"";
0200000;"DOLNOŚLĄSKIE";"ogółem";"Armenia";"2011";0;"osoba";"";
0200000;"DOLNOŚLĄSKIE";"ogółem";"Austria";"2011";0;"osoba";"";
0200000;"DOLNOŚLĄSKIE";"ogółem";"Białoruś";"2011";195;"osoba";"";
0200000;"DOLNOŚLĄSKIE";"ogółem";"Bułgaria";"2011";155;"osoba";"";
0200000;"DOLNOŚLĄSKIE";"ogółem";"Chiny";"2011";0;"osoba";"";
0200000;"DOLNOŚLĄSKIE";"ogółem";"Czechy";"2011";0;"osoba";"";
0200000;"DOLNOŚLĄSKIE";"ogółem";"Francja";"2011";131;"osoba";"";
0200000;"DOLNOŚLĄSKIE";"ogółem";"Grecja";"2011";229;"osoba";"";
0200000;"DOLNOŚLĄSKIE";"ogółem";"Hiszpania";"2011";0;"osoba";"";
0200000;"DOLNOŚLĄSKIE";"ogółem";"Holandia";"2011";0;"osoba";"";
0200000;"DOLNOŚLĄSKIE";"ogółem";"Indie";"2011";0;"osoba";"";
0200000;"DOLNOŚLĄSKIE";"ogółem";"Japonia";"2011";0;"osoba";"";
0200000;"DOLNOŚLĄSKIE";"ogółem";"Kazachstan";"2011";0;"osoba";"";
0200000;"DOLNOŚLĄSKIE";"ogółem";"Litwa";"2011";0;"osoba";"";
0200000;"DOLNOŚLĄSKIE";"ogółem";"Mongolia";"2011";0;"osoba";"";
0200000;"DOLNOŚLĄSKIE";"ogółem";"Niemcy";"2011";681;"osoba";"";
0200000;"DOLNOŚLĄSKIE";"ogółem";"Rosja";"2011";217;"osoba";"";
0200000;"DOLNOŚLĄSKIE";"ogółem";"Rumunia";"2011";0;"osoba";"";
0200000;"DOLNOŚLĄSKIE";"ogółem";"Serbia";"2011";0;"osoba";"";
0200000;"DOLNOŚLĄSKIE";"ogółem";"Stany Zjednoczone";"2011";134;"osoba";"";
0200000;"DOLNOŚLĄSKIE";"ogółem";"Szwecja";"2011";0;"osoba";"";
0200000;"DOLNOŚLĄSKIE";"ogółem";"Turcja";"2011";0;"osoba";"";
0200000;"DOLNOŚLĄSKIE";"ogółem";"Ukraina";"2011";1538;"osoba";"";
0200000;"DOLNOŚLĄSKIE";"ogółem";"Węgry";"2011";0;"osoba";"";
0200000;"DOLNOŚLĄSKIE";"ogółem";"Wielka Brytania";"2011";108;"osoba";"";
0200000;"DOLNOŚLĄSKIE";"ogółem";"Wietnam";"2011";0;"osoba";"";
0200000;"DOLNOŚLĄSKIE";"ogółem";"Włochy";"2011";0;"osoba";"";
0400000;"KUJAWSKO-POMORSKIE";"ogółem";"bezpaństwowcy";"2011";69;"osoba";"";
0400000;"KUJAWSKO-POMORSKIE";"ogółem";"obywatelstwo nieustalone";"2011";339;"osoba";"";
0400000;"KUJAWSKO-POMORSKIE";"ogółem";"Arabia Saudyjska";"2011";0;"osoba";"";
0400000;"KUJAWSKO-POMORSKIE";"ogółem";"Armenia";"2011";159;"osoba";"";
0400000;"KUJAWSKO-POMORSKIE";"ogółem";"Austria";"2011";0;"osoba";"";
0400000;"KUJAWSKO-POMORSKIE";"ogółem";"Białoruś";"2011";105;"osoba";"";
0400000;"KUJAWSKO-POMORSKIE";"ogółem";"Bułgaria";"2011";0;"osoba";"";
0400000;"KUJAWSKO-POMORSKIE";"ogółem";"Chiny";"2011";0;"osoba";"";
0400000;"KUJAWSKO-POMORSKIE";"ogółem";"Czechy";"2011";0;"osoba";"";
0400000;"KUJAWSKO-POMORSKIE";"ogółem";"Francja";"2011";0;"osoba";"";
0400000;"KUJAWSKO-POMORSKIE";"ogółem";"Grecja";"2011";0;"osoba";"";
0400000;"KUJAWSKO-POMORSKIE";"ogółem";"Hiszpania";"2011";0;"osoba";"";
0400000;"KUJAWSKO-POMORSKIE";"ogółem";"Holandia";"2011";0;"osoba";"";
0400000;"KUJAWSKO-POMORSKIE";"ogółem";"Indie";"2011";0;"osoba";"";
0400000;"KUJAWSKO-POMORSKIE";"ogółem";"Japonia";"2011";0;"osoba";"";
0400000;"KUJAWSKO-POMORSKIE";"ogółem";"Kazachstan";"2011";0;"osoba";"";
0400000;"KUJAWSKO-POMORSKIE";"ogółem";"Litwa";"2011";0;"osoba";"";
0400000;"KUJAWSKO-POMORSKIE";"ogółem";"Mongolia";"2011";0;"osoba";"";
0400000;"KUJAWSKO-POMORSKIE";"ogółem";"Niemcy";"2011";167;"osoba";"";
0400000;"KUJAWSKO-POMORSKIE";"ogółem";"Rosja";"2011";176;"osoba";"";
0400000;"KUJAWSKO-POMORSKIE";"ogółem";"Rumunia";"2011";0;"osoba";"";
0400000;"KUJAWSKO-POMORSKIE";"ogółem";"Serbia";"2011";0;"osoba";"";
0400000;"KUJAWSKO-POMORSKIE";"ogółem";"Stany Zjednoczone";"2011";0;"osoba";"";
0400000;"KUJAWSKO-POMORSKIE";"ogółem";"Szwecja";"2011";0;"osoba";"";
0400000;"KUJAWSKO-POMORSKIE";"ogółem";"Turcja";"2011";0;"osoba";"";
0400000;"KUJAWSKO-POMORSKIE";"ogółem";"Ukraina";"2011";238;"osoba";"";
0400000;"KUJAWSKO-POMORSKIE";"ogółem";"Węgry";"2011";0;"osoba";"";
0400000;"KUJAWSKO-POMORSKIE";"ogółem";"Wielka Brytania";"2011";0;"osoba";"";
0400000;"KUJAWSKO-POMORSKIE";"ogółem";"Wietnam";"2011";0;"osoba";"";
0400000;"KUJAWSKO-POMORSKIE";"ogółem";"Włochy";"2011";0;"osoba";"";
0600000;"LUBELSKIE";"ogółem";"bezpaństwowcy";"2011";95;"osoba";"";
0600000;"LUBELSKIE";"ogółem";"obywatelstwo nieustalone";"2011";129;"osoba";"";
0600000;"LUBELSKIE";"ogółem";"Arabia Saudyjska";"2011";0;"osoba";"";
0600000;"LUBELSKIE";"ogółem";"Armenia";"2011";197;"osoba";"";
0600000;"LUBELSKIE";"ogółem";"Austria";"2011";0;"osoba";"";
0600000;"LUBELSKIE";"ogółem";"Białoruś";"2011";409;"osoba";"";
0600000;"LUBELSKIE";"ogółem";"Bułgaria";"2011";0;"osoba";"";
0600000;"LUBELSKIE";"ogółem";"Chiny";"2011";0;"osoba";"";
0600000;"LUBELSKIE";"ogółem";"Czechy";"2011";0;"osoba";"";
0600000;"LUBELSKIE";"ogółem";"Francja";"2011";0;"osoba";"";
0600000;"LUBELSKIE";"ogółem";"Grecja";"2011";0;"osoba";"";
0600000;"LUBELSKIE";"ogółem";"Hiszpania";"2011";0;"osoba";"";
0600000;"LUBELSKIE";"ogółem";"Holandia";"2011";0;"osoba";"";
0600000;"LUBELSKIE";"ogółem";"Indie";"2011";0;"osoba";"";
0600000;"LUBELSKIE";"ogółem";"Japonia";"2011";0;"osoba";"";
0600000;"LUBELSKIE";"ogółem";"Kazachstan";"2011";0;"osoba";"";
0600000;"LUBELSKIE";"ogółem";"Litwa";"2011";0;"osoba";"";
0600000;"LUBELSKIE";"ogółem";"Mongolia";"2011";0;"osoba";"";
0600000;"LUBELSKIE";"ogółem";"Niemcy";"2011";0;"osoba";"";
0600000;"LUBELSKIE";"ogółem";"Rosja";"2011";222;"osoba";"";
0600000;"LUBELSKIE";"ogółem";"Rumunia";"2011";0;"osoba";"";
0600000;"LUBELSKIE";"ogółem";"Serbia";"2011";0;"osoba";"";
0600000;"LUBELSKIE";"ogółem";"Stany Zjednoczone";"2011";0;"osoba";"";
0600000;"LUBELSKIE";"ogółem";"Szwecja";"2011";0;"osoba";"";
0600000;"LUBELSKIE";"ogółem";"Turcja";"2011";0;"osoba";"";
0600000;"LUBELSKIE";"ogółem";"Ukraina";"2011";1290;"osoba";"";
0600000;"LUBELSKIE";"ogółem";"Węgry";"2011";0;"osoba";"";
0600000;"LUBELSKIE";"ogółem";"Wielka Brytania";"2011";0;"osoba";"";
0600000;"LUBELSKIE";"ogółem";"Wietnam";"2011";0;"osoba";"";
0600000;"LUBELSKIE";"ogółem";"Włochy";"2011";0;"osoba";"";
0800000;"LUBUSKIE";"ogółem";"bezpaństwowcy";"2011";39;"osoba";"";
0800000;"LUBUSKIE";"ogółem";"obywatelstwo nieustalone";"2011";286;"osoba";"";
0800000;"LUBUSKIE";"ogółem";"Arabia Saudyjska";"2011";0;"osoba";"";
0800000;"LUBUSKIE";"ogółem";"Armenia";"2011";0;"osoba";"";
0800000;"LUBUSKIE";"ogółem";"Austria";"2011";0;"osoba";"";
0800000;"LUBUSKIE";"ogółem";"Białoruś";"2011";0;"osoba";"";
0800000;"LUBUSKIE";"ogółem";"Bułgaria";"2011";0;"osoba";"";
0800000;"LUBUSKIE";"ogółem";"Chiny";"2011";0;"osoba";"";
0800000;"LUBUSKIE";"ogółem";"Czechy";"2011";0;"osoba";"";
0800000;"LUBUSKIE";"ogółem";"Francja";"2011";0;"osoba";"";
0800000;"LUBUSKIE";"ogółem";"Grecja";"2011";0;"osoba";"";
0800000;"LUBUSKIE";"ogółem";"Hiszpania";"2011";0;"osoba";"";
0800000;"LUBUSKIE";"ogółem";"Holandia";"2011";0;"osoba";"";
0800000;"LUBUSKIE";"ogółem";"Indie";"2011";0;"osoba";"";
0800000;"LUBUSKIE";"ogółem";"Japonia";"2011";0;"osoba";"";
0800000;"LUBUSKIE";"ogółem";"Kazachstan";"2011";0;"osoba";"";
0800000;"LUBUSKIE";"ogółem";"Litwa";"2011";0;"osoba";"";
0800000;"LUBUSKIE";"ogółem";"Mongolia";"2011";0;"osoba";"";
0800000;"LUBUSKIE";"ogółem";"Niemcy";"2011";369;"osoba";"";
0800000;"LUBUSKIE";"ogółem";"Rosja";"2011";125;"osoba";"";
0800000;"LUBUSKIE";"ogółem";"Rumunia";"2011";0;"osoba";"";
0800000;"LUBUSKIE";"ogółem";"Serbia";"2011";0;"osoba";"";
0800000;"LUBUSKIE";"ogółem";"Stany Zjednoczone";"2011";0;"osoba";"";
0800000;"LUBUSKIE";"ogółem";"Szwecja";"2011";0;"osoba";"";
0800000;"LUBUSKIE";"ogółem";"Turcja";"2011";0;"osoba";"";
0800000;"LUBUSKIE";"ogółem";"Ukraina";"2011";417;"osoba";"";
0800000;"LUBUSKIE";"ogółem";"Węgry";"2011";0;"osoba";"";
0800000;"LUBUSKIE";"ogółem";"Wielka Brytania";"2011";0;"osoba";"";
0800000;"LUBUSKIE";"ogółem";"Wietnam";"2011";0;"osoba";"";
0800000;"LUBUSKIE";"ogółem";"Włochy";"2011";0;"osoba";"";
1000000;"ŁÓDZKIE";"ogółem";"bezpaństwowcy";"2011";551;"osoba";"";
1000000;"ŁÓDZKIE";"ogółem";"obywatelstwo nieustalone";"2011";562;"osoba";"";
1000000;"ŁÓDZKIE";"ogółem";"Arabia Saudyjska";"2011";0;"osoba";"";
1000000;"ŁÓDZKIE";"ogółem";"Armenia";"2011";164;"osoba";"";
1000000;"ŁÓDZKIE";"ogółem";"Austria";"2011";0;"osoba";"";
1000000;"ŁÓDZKIE";"ogółem";"Białoruś";"2011";118;"osoba";"";
1000000;"ŁÓDZKIE";"ogółem";"Bułgaria";"2011";0;"osoba";"";
1000000;"ŁÓDZKIE";"ogółem";"Chiny";"2011";0;"osoba";"";
1000000;"ŁÓDZKIE";"ogółem";"Czechy";"2011";0;"osoba";"";
1000000;"ŁÓDZKIE";"ogółem";"Francja";"2011";0;"osoba";"";
1000000;"ŁÓDZKIE";"ogółem";"Grecja";"2011";0;"osoba";"";
1000000;"ŁÓDZKIE";"ogółem";"Hiszpania";"2011";0;"osoba";"";
1000000;"ŁÓDZKIE";"ogółem";"Holandia";"2011";0;"osoba";"";
1000000;"ŁÓDZKIE";"ogółem";"Indie";"2011";174;"osoba";"";
1000000;"ŁÓDZKIE";"ogółem";"Japonia";"2011";0;"osoba";"";
1000000;"ŁÓDZKIE";"ogółem";"Kazachstan";"2011";0;"osoba";"";
1000000;"ŁÓDZKIE";"ogółem";"Litwa";"2011";104;"osoba";"";
1000000;"ŁÓDZKIE";"ogółem";"Mongolia";"2011";0;"osoba";"";
1000000;"ŁÓDZKIE";"ogółem";"Niemcy";"2011";200;"osoba";"";
1000000;"ŁÓDZKIE";"ogółem";"Rosja";"2011";163;"osoba";"";
1000000;"ŁÓDZKIE";"ogółem";"Rumunia";"2011";0;"osoba";"";
1000000;"ŁÓDZKIE";"ogółem";"Serbia";"2011";0;"osoba";"";
1000000;"ŁÓDZKIE";"ogółem";"Stany Zjednoczone";"2011";0;"osoba";"";
1000000;"ŁÓDZKIE";"ogółem";"Szwecja";"2011";0;"osoba";"";
1000000;"ŁÓDZKIE";"ogółem";"Turcja";"2011";147;"osoba";"";
1000000;"ŁÓDZKIE";"ogółem";"Ukraina";"2011";401;"osoba";"";
1000000;"ŁÓDZKIE";"ogółem";"Węgry";"2011";0;"osoba";"";
1000000;"ŁÓDZKIE";"ogółem";"Wielka Brytania";"2011";129;"osoba";"";
1000000;"ŁÓDZKIE";"ogółem";"Wietnam";"2011";0;"osoba";"";
1000000;"ŁÓDZKIE";"ogółem";"Włochy";"2011";113;"osoba";"";
1200000;"MAŁOPOLSKIE";"ogółem";"bezpaństwowcy";"2011";145;"osoba";"";
1200000;"MAŁOPOLSKIE";"ogółem";"obywatelstwo nieustalone";"2011";580;"osoba";"";
1200000;"MAŁOPOLSKIE";"ogółem";"Arabia Saudyjska";"2011";0;"osoba";"";
1200000;"MAŁOPOLSKIE";"ogółem";"Armenia";"2011";0;"osoba";"";
1200000;"MAŁOPOLSKIE";"ogółem";"Austria";"2011";195;"osoba";"";
1200000;"MAŁOPOLSKIE";"ogółem";"Białoruś";"2011";185;"osoba";"";
1200000;"MAŁOPOLSKIE";"ogółem";"Bułgaria";"2011";0;"osoba";"";
1200000;"MAŁOPOLSKIE";"ogółem";"Chiny";"2011";0;"osoba";"";
1200000;"MAŁOPOLSKIE";"ogółem";"Czechy";"2011";105;"osoba";"";
1200000;"MAŁOPOLSKIE";"ogółem";"Francja";"2011";112;"osoba";"";
1200000;"MAŁOPOLSKIE";"ogółem";"Grecja";"2011";0;"osoba";"";
1200000;"MAŁOPOLSKIE";"ogółem";"Hiszpania";"2011";0;"osoba";"";
1200000;"MAŁOPOLSKIE";"ogółem";"Holandia";"2011";0;"osoba";"";
1200000;"MAŁOPOLSKIE";"ogółem";"Indie";"2011";123;"osoba";"";
1200000;"MAŁOPOLSKIE";"ogółem";"Japonia";"2011";0;"osoba";"";
1200000;"MAŁOPOLSKIE";"ogółem";"Kazachstan";"2011";0;"osoba";"";
1200000;"MAŁOPOLSKIE";"ogółem";"Litwa";"2011";0;"osoba";"";
1200000;"MAŁOPOLSKIE";"ogółem";"Mongolia";"2011";0;"osoba";"";
1200000;"MAŁOPOLSKIE";"ogółem";"Niemcy";"2011";221;"osoba";"";
1200000;"MAŁOPOLSKIE";"ogółem";"Rosja";"2011";341;"osoba";"";
1200000;"MAŁOPOLSKIE";"ogółem";"Rumunia";"2011";0;"osoba";"";
1200000;"MAŁOPOLSKIE";"ogółem";"Serbia";"2011";0;"osoba";"";
1200000;"MAŁOPOLSKIE";"ogółem";"Stany Zjednoczone";"2011";205;"osoba";"";
1200000;"MAŁOPOLSKIE";"ogółem";"Szwecja";"2011";0;"osoba";"";
1200000;"MAŁOPOLSKIE";"ogółem";"Turcja";"2011";0;"osoba";"";
1200000;"MAŁOPOLSKIE";"ogółem";"Ukraina";"2011";874;"osoba";"";
1200000;"MAŁOPOLSKIE";"ogółem";"Węgry";"2011";100;"osoba";"";
1200000;"MAŁOPOLSKIE";"ogółem";"Wielka Brytania";"2011";0;"osoba";"";
1200000;"MAŁOPOLSKIE";"ogółem";"Wietnam";"2011";166;"osoba";"";
1200000;"MAŁOPOLSKIE";"ogółem";"Włochy";"2011";170;"osoba";"";
1400000;"MAZOWIECKIE";"ogółem";"bezpaństwowcy";"2011";287;"osoba";"";
1400000;"MAZOWIECKIE";"ogółem";"obywatelstwo nieustalone";"2011";1736;"osoba";"";
1400000;"MAZOWIECKIE";"ogółem";"Arabia Saudyjska";"2011";100;"osoba";"";
1400000;"MAZOWIECKIE";"ogółem";"Armenia";"2011";289;"osoba";"";
1400000;"MAZOWIECKIE";"ogółem";"Austria";"2011";230;"osoba";"";
1400000;"MAZOWIECKIE";"ogółem";"Białoruś";"2011";911;"osoba";"";
1400000;"MAZOWIECKIE";"ogółem";"Bułgaria";"2011";239;"osoba";"";
1400000;"MAZOWIECKIE";"ogółem";"Chiny";"2011";860;"osoba";"";
1400000;"MAZOWIECKIE";"ogółem";"Czechy";"2011";184;"osoba";"";
1400000;"MAZOWIECKIE";"ogółem";"Francja";"2011";532;"osoba";"";
1400000;"MAZOWIECKIE";"ogółem";"Grecja";"2011";0;"osoba";"";
1400000;"MAZOWIECKIE";"ogółem";"Hiszpania";"2011";261;"osoba";"";
1400000;"MAZOWIECKIE";"ogółem";"Holandia";"2011";149;"osoba";"";
1400000;"MAZOWIECKIE";"ogółem";"Indie";"2011";311;"osoba";"";
1400000;"MAZOWIECKIE";"ogółem";"Japonia";"2011";154;"osoba";"";
1400000;"MAZOWIECKIE";"ogółem";"Kazachstan";"2011";108;"osoba";"";
1400000;"MAZOWIECKIE";"ogółem";"Litwa";"2011";240;"osoba";"";
1400000;"MAZOWIECKIE";"ogółem";"Mongolia";"2011";124;"osoba";"";
1400000;"MAZOWIECKIE";"ogółem";"Niemcy";"2011";528;"osoba";"";
1400000;"MAZOWIECKIE";"ogółem";"Rosja";"2011";1295;"osoba";"";
1400000;"MAZOWIECKIE";"ogółem";"Rumunia";"2011";201;"osoba";"";
1400000;"MAZOWIECKIE";"ogółem";"Serbia";"2011";106;"osoba";"";
1400000;"MAZOWIECKIE";"ogółem";"Stany Zjednoczone";"2011";357;"osoba";"";
1400000;"MAZOWIECKIE";"ogółem";"Szwecja";"2011";244;"osoba";"";
1400000;"MAZOWIECKIE";"ogółem";"Turcja";"2011";242;"osoba";"";
1400000;"MAZOWIECKIE";"ogółem";"Ukraina";"2011";4002;"osoba";"";
1400000;"MAZOWIECKIE";"ogółem";"Węgry";"2011";113;"osoba";"";
1400000;"MAZOWIECKIE";"ogółem";"Wielka Brytania";"2011";662;"osoba";"";
1400000;"MAZOWIECKIE";"ogółem";"Wietnam";"2011";1928;"osoba";"";
1400000;"MAZOWIECKIE";"ogółem";"Włochy";"2011";295;"osoba";"";
1600000;"OPOLSKIE";"ogółem";"bezpaństwowcy";"2011";14;"osoba";"";
1600000;"OPOLSKIE";"ogółem";"obywatelstwo nieustalone";"2011";156;"osoba";"";
1600000;"OPOLSKIE";"ogółem";"Arabia Saudyjska";"2011";0;"osoba";"";
1600000;"OPOLSKIE";"ogółem";"Armenia";"2011";0;"osoba";"";
1600000;"OPOLSKIE";"ogółem";"Austria";"2011";0;"osoba";"";
1600000;"OPOLSKIE";"ogółem";"Białoruś";"2011";0;"osoba";"";
1600000;"OPOLSKIE";"ogółem";"Bułgaria";"2011";0;"osoba";"";
1600000;"OPOLSKIE";"ogółem";"Chiny";"2011";0;"osoba";"";
1600000;"OPOLSKIE";"ogółem";"Czechy";"2011";0;"osoba";"";
1600000;"OPOLSKIE";"ogółem";"Francja";"2011";0;"osoba";"";
1600000;"OPOLSKIE";"ogółem";"Grecja";"2011";0;"osoba";"";
1600000;"OPOLSKIE";"ogółem";"Hiszpania";"2011";0;"osoba";"";
1600000;"OPOLSKIE";"ogółem";"Holandia";"2011";0;"osoba";"";
1600000;"OPOLSKIE";"ogółem";"Indie";"2011";0;"osoba";"";
1600000;"OPOLSKIE";"ogółem";"Japonia";"2011";0;"osoba";"";
1600000;"OPOLSKIE";"ogółem";"Kazachstan";"2011";0;"osoba";"";
1600000;"OPOLSKIE";"ogółem";"Litwa";"2011";0;"osoba";"";
1600000;"OPOLSKIE";"ogółem";"Mongolia";"2011";0;"osoba";"";
1600000;"OPOLSKIE";"ogółem";"Niemcy";"2011";608;"osoba";"";
1600000;"OPOLSKIE";"ogółem";"Rosja";"2011";0;"osoba";"";
1600000;"OPOLSKIE";"ogółem";"Rumunia";"2011";0;"osoba";"";
1600000;"OPOLSKIE";"ogółem";"Serbia";"2011";0;"osoba";"";
1600000;"OPOLSKIE";"ogółem";"Stany Zjednoczone";"2011";0;"osoba";"";
1600000;"OPOLSKIE";"ogółem";"Szwecja";"2011";0;"osoba";"";
1600000;"OPOLSKIE";"ogółem";"Turcja";"2011";0;"osoba";"";
1600000;"OPOLSKIE";"ogółem";"Ukraina";"2011";499;"osoba";"";
1600000;"OPOLSKIE";"ogółem";"Węgry";"2011";0;"osoba";"";
1600000;"OPOLSKIE";"ogółem";"Wielka Brytania";"2011";0;"osoba";"";
1600000;"OPOLSKIE";"ogółem";"Wietnam";"2011";0;"osoba";"";
1600000;"OPOLSKIE";"ogółem";"Włochy";"2011";0;"osoba";"";
1800000;"PODKARPACKIE";"ogółem";"bezpaństwowcy";"2011";42;"osoba";"";
1800000;"PODKARPACKIE";"ogółem";"obywatelstwo nieustalone";"2011";262;"osoba";"";
1800000;"PODKARPACKIE";"ogółem";"Arabia Saudyjska";"2011";0;"osoba";"";
1800000;"PODKARPACKIE";"ogółem";"Armenia";"2011";0;"osoba";"";
1800000;"PODKARPACKIE";"ogółem";"Austria";"2011";0;"osoba";"";
1800000;"PODKARPACKIE";"ogółem";"Białoruś";"2011";0;"osoba";"";
1800000;"PODKARPACKIE";"ogółem";"Bułgaria";"2011";0;"osoba";"";
1800000;"PODKARPACKIE";"ogółem";"Chiny";"2011";0;"osoba";"";
1800000;"PODKARPACKIE";"ogółem";"Czechy";"2011";0;"osoba";"";
1800000;"PODKARPACKIE";"ogółem";"Francja";"2011";0;"osoba";"";
1800000;"PODKARPACKIE";"ogółem";"Grecja";"2011";0;"osoba";"";
1800000;"PODKARPACKIE";"ogółem";"Hiszpania";"2011";0;"osoba";"";
1800000;"PODKARPACKIE";"ogółem";"Holandia";"2011";0;"osoba";"";
1800000;"PODKARPACKIE";"ogółem";"Indie";"2011";0;"osoba";"";
1800000;"PODKARPACKIE";"ogółem";"Japonia";"2011";0;"osoba";"";
1800000;"PODKARPACKIE";"ogółem";"Kazachstan";"2011";0;"osoba";"";
1800000;"PODKARPACKIE";"ogółem";"Litwa";"2011";0;"osoba";"";
1800000;"PODKARPACKIE";"ogółem";"Mongolia";"2011";0;"osoba";"";
1800000;"PODKARPACKIE";"ogółem";"Niemcy";"2011";0;"osoba";"";
1800000;"PODKARPACKIE";"ogółem";"Rosja";"2011";0;"osoba";"";
1800000;"PODKARPACKIE";"ogółem";"Rumunia";"2011";0;"osoba";"";
1800000;"PODKARPACKIE";"ogółem";"Serbia";"2011";0;"osoba";"";
1800000;"PODKARPACKIE";"ogółem";"Stany Zjednoczone";"2011";0;"osoba";"";
1800000;"PODKARPACKIE";"ogółem";"Szwecja";"2011";0;"osoba";"";
1800000;"PODKARPACKIE";"ogółem";"Turcja";"2011";0;"osoba";"";
1800000;"PODKARPACKIE";"ogółem";"Ukraina";"2011";971;"osoba";"";
1800000;"PODKARPACKIE";"ogółem";"Węgry";"2011";0;"osoba";"";
1800000;"PODKARPACKIE";"ogółem";"Wielka Brytania";"2011";0;"osoba";"";
1800000;"PODKARPACKIE";"ogółem";"Wietnam";"2011";0;"osoba";"";
1800000;"PODKARPACKIE";"ogółem";"Włochy";"2011";107;"osoba";"";
2000000;"PODLASKIE";"ogółem";"bezpaństwowcy";"2011";44;"osoba";"";
2000000;"PODLASKIE";"ogółem";"obywatelstwo nieustalone";"2011";200;"osoba";"";
2000000;"PODLASKIE";"ogółem";"Arabia Saudyjska";"2011";0;"osoba";"";
2000000;"PODLASKIE";"ogółem";"Armenia";"2011";103;"osoba";"";
2000000;"PODLASKIE";"ogółem";"Austria";"2011";0;"osoba";"";
2000000;"PODLASKIE";"ogółem";"Białoruś";"2011";958;"osoba";"";
2000000;"PODLASKIE";"ogółem";"Bułgaria";"2011";0;"osoba";"";
2000000;"PODLASKIE";"ogółem";"Chiny";"2011";0;"osoba";"";
2000000;"PODLASKIE";"ogółem";"Czechy";"2011";0;"osoba";"";
2000000;"PODLASKIE";"ogółem";"Francja";"2011";0;"osoba";"";
2000000;"PODLASKIE";"ogółem";"Grecja";"2011";0;"osoba";"";
2000000;"PODLASKIE";"ogółem";"Hiszpania";"2011";0;"osoba";"";
2000000;"PODLASKIE";"ogółem";"Holandia";"2011";0;"osoba";"";
2000000;"PODLASKIE";"ogółem";"Indie";"2011";0;"osoba";"";
2000000;"PODLASKIE";"ogółem";"Japonia";"2011";0;"osoba";"";
2000000;"PODLASKIE";"ogółem";"Kazachstan";"2011";0;"osoba";"";
2000000;"PODLASKIE";"ogółem";"Litwa";"2011";0;"osoba";"";
2000000;"PODLASKIE";"ogółem";"Mongolia";"2011";0;"osoba";"";
2000000;"PODLASKIE";"ogółem";"Niemcy";"2011";0;"osoba";"";
2000000;"PODLASKIE";"ogółem";"Rosja";"2011";284;"osoba";"";
2000000;"PODLASKIE";"ogółem";"Rumunia";"2011";0;"osoba";"";
2000000;"PODLASKIE";"ogółem";"Serbia";"2011";0;"osoba";"";
2000000;"PODLASKIE";"ogółem";"Stany Zjednoczone";"2011";0;"osoba";"";
2000000;"PODLASKIE";"ogółem";"Szwecja";"2011";0;"osoba";"";
2000000;"PODLASKIE";"ogółem";"Turcja";"2011";0;"osoba";"";
2000000;"PODLASKIE";"ogółem";"Ukraina";"2011";138;"osoba";"";
2000000;"PODLASKIE";"ogółem";"Węgry";"2011";0;"osoba";"";
2000000;"PODLASKIE";"ogółem";"Wielka Brytania";"2011";0;"osoba";"";
2000000;"PODLASKIE";"ogółem";"Wietnam";"2011";0;"osoba";"";
2000000;"PODLASKIE";"ogółem";"Włochy";"2011";0;"osoba";"";
2200000;"POMORSKIE";"ogółem";"bezpaństwowcy";"2011";92;"osoba";"";
2200000;"POMORSKIE";"ogółem";"obywatelstwo nieustalone";"2011";662;"osoba";"";
2200000;"POMORSKIE";"ogółem";"Arabia Saudyjska";"2011";0;"osoba";"";
2200000;"POMORSKIE";"ogółem";"Armenia";"2011";130;"osoba";"";
2200000;"POMORSKIE";"ogółem";"Austria";"2011";0;"osoba";"";
2200000;"POMORSKIE";"ogółem";"Białoruś";"2011";208;"osoba";"";
2200000;"POMORSKIE";"ogółem";"Bułgaria";"2011";0;"osoba";"";
2200000;"POMORSKIE";"ogółem";"Chiny";"2011";0;"osoba";"";
2200000;"POMORSKIE";"ogółem";"Czechy";"2011";0;"osoba";"";
2200000;"POMORSKIE";"ogółem";"Francja";"2011";0;"osoba";"";
2200000;"POMORSKIE";"ogółem";"Grecja";"2011";0;"osoba";"";
2200000;"POMORSKIE";"ogółem";"Hiszpania";"2011";0;"osoba";"";
2200000;"POMORSKIE";"ogółem";"Holandia";"2011";0;"osoba";"";
2200000;"POMORSKIE";"ogółem";"Indie";"2011";0;"osoba";"";
2200000;"POMORSKIE";"ogółem";"Japonia";"2011";0;"osoba";"";
2200000;"POMORSKIE";"ogółem";"Kazachstan";"2011";0;"osoba";"";
2200000;"POMORSKIE";"ogółem";"Litwa";"2011";0;"osoba";"";
2200000;"POMORSKIE";"ogółem";"Mongolia";"2011";0;"osoba";"";
2200000;"POMORSKIE";"ogółem";"Niemcy";"2011";395;"osoba";"";
2200000;"POMORSKIE";"ogółem";"Rosja";"2011";238;"osoba";"";
2200000;"POMORSKIE";"ogółem";"Rumunia";"2011";0;"osoba";"";
2200000;"POMORSKIE";"ogółem";"Serbia";"2011";0;"osoba";"";
2200000;"POMORSKIE";"ogółem";"Stany Zjednoczone";"2011";0;"osoba";"";
2200000;"POMORSKIE";"ogółem";"Szwecja";"2011";0;"osoba";"";
2200000;"POMORSKIE";"ogółem";"Turcja";"2011";0;"osoba";"";
2200000;"POMORSKIE";"ogółem";"Ukraina";"2011";358;"osoba";"";
2200000;"POMORSKIE";"ogółem";"Węgry";"2011";0;"osoba";"";
2200000;"POMORSKIE";"ogółem";"Wielka Brytania";"2011";0;"osoba";"";
2200000;"POMORSKIE";"ogółem";"Wietnam";"2011";0;"osoba";"";
2200000;"POMORSKIE";"ogółem";"Włochy";"2011";0;"osoba";"";
2400000;"ŚLĄSKIE";"ogółem";"bezpaństwowcy";"2011";173;"osoba";"";
2400000;"ŚLĄSKIE";"ogółem";"obywatelstwo nieustalone";"2011";766;"osoba";"";
2400000;"ŚLĄSKIE";"ogółem";"Arabia Saudyjska";"2011";0;"osoba";"";
2400000;"ŚLĄSKIE";"ogółem";"Armenia";"2011";206;"osoba";"";
2400000;"ŚLĄSKIE";"ogółem";"Austria";"2011";0;"osoba";"";
2400000;"ŚLĄSKIE";"ogółem";"Białoruś";"2011";0;"osoba";"";
2400000;"ŚLĄSKIE";"ogółem";"Bułgaria";"2011";107;"osoba";"";
2400000;"ŚLĄSKIE";"ogółem";"Chiny";"2011";0;"osoba";"";
2400000;"ŚLĄSKIE";"ogółem";"Czechy";"2011";177;"osoba";"";
2400000;"ŚLĄSKIE";"ogółem";"Francja";"2011";0;"osoba";"";
2400000;"ŚLĄSKIE";"ogółem";"Grecja";"2011";0;"osoba";"";
2400000;"ŚLĄSKIE";"ogółem";"Hiszpania";"2011";0;"osoba";"";
2400000;"ŚLĄSKIE";"ogółem";"Holandia";"2011";0;"osoba";"";
2400000;"ŚLĄSKIE";"ogółem";"Indie";"2011";0;"osoba";"";
2400000;"ŚLĄSKIE";"ogółem";"Japonia";"2011";0;"osoba";"";
2400000;"ŚLĄSKIE";"ogółem";"Kazachstan";"2011";0;"osoba";"";
2400000;"ŚLĄSKIE";"ogółem";"Litwa";"2011";0;"osoba";"";
2400000;"ŚLĄSKIE";"ogółem";"Mongolia";"2011";0;"osoba";"";
2400000;"ŚLĄSKIE";"ogółem";"Niemcy";"2011";608;"osoba";"";
2400000;"ŚLĄSKIE";"ogółem";"Rosja";"2011";324;"osoba";"";
2400000;"ŚLĄSKIE";"ogółem";"Rumunia";"2011";0;"osoba";"";
2400000;"ŚLĄSKIE";"ogółem";"Serbia";"2011";0;"osoba";"";
2400000;"ŚLĄSKIE";"ogółem";"Stany Zjednoczone";"2011";0;"osoba";"";
2400000;"ŚLĄSKIE";"ogółem";"Szwecja";"2011";0;"osoba";"";
2400000;"ŚLĄSKIE";"ogółem";"Turcja";"2011";0;"osoba";"";
2400000;"ŚLĄSKIE";"ogółem";"Ukraina";"2011";739;"osoba";"";
2400000;"ŚLĄSKIE";"ogółem";"Węgry";"2011";0;"osoba";"";
2400000;"ŚLĄSKIE";"ogółem";"Wielka Brytania";"2011";129;"osoba";"";
2400000;"ŚLĄSKIE";"ogółem";"Wietnam";"2011";154;"osoba";"";
2400000;"ŚLĄSKIE";"ogółem";"Włochy";"2011";167;"osoba";"";
2600000;"ŚWIĘTOKRZYSKIE";"ogółem";"bezpaństwowcy";"2011";13;"osoba";"";
2600000;"ŚWIĘTOKRZYSKIE";"ogółem";"obywatelstwo nieustalone";"2011";132;"osoba";"";
2600000;"ŚWIĘTOKRZYSKIE";"ogółem";"Arabia Saudyjska";"2011";0;"osoba";"";
2600000;"ŚWIĘTOKRZYSKIE";"ogółem";"Armenia";"2011";0;"osoba";"";
2600000;"ŚWIĘTOKRZYSKIE";"ogółem";"Austria";"2011";0;"osoba";"";
2600000;"ŚWIĘTOKRZYSKIE";"ogółem";"Białoruś";"2011";0;"osoba";"";
2600000;"ŚWIĘTOKRZYSKIE";"ogółem";"Bułgaria";"2011";0;"osoba";"";
2600000;"ŚWIĘTOKRZYSKIE";"ogółem";"Chiny";"2011";0;"osoba";"";
2600000;"ŚWIĘTOKRZYSKIE";"ogółem";"Czechy";"2011";0;"osoba";"";
2600000;"ŚWIĘTOKRZYSKIE";"ogółem";"Francja";"2011";0;"osoba";"";
2600000;"ŚWIĘTOKRZYSKIE";"ogółem";"Grecja";"2011";0;"osoba";"";
2600000;"ŚWIĘTOKRZYSKIE";"ogółem";"Hiszpania";"2011";0;"osoba";"";
2600000;"ŚWIĘTOKRZYSKIE";"ogółem";"Holandia";"2011";0;"osoba";"";
2600000;"ŚWIĘTOKRZYSKIE";"ogółem";"Indie";"2011";0;"osoba";"";
2600000;"ŚWIĘTOKRZYSKIE";"ogółem";"Japonia";"2011";0;"osoba";"";
2600000;"ŚWIĘTOKRZYSKIE";"ogółem";"Kazachstan";"2011";0;"osoba";"";
2600000;"ŚWIĘTOKRZYSKIE";"ogółem";"Litwa";"2011";0;"osoba";"";
2600000;"ŚWIĘTOKRZYSKIE";"ogółem";"Mongolia";"2011";0;"osoba";"";
2600000;"ŚWIĘTOKRZYSKIE";"ogółem";"Niemcy";"2011";0;"osoba";"";
2600000;"ŚWIĘTOKRZYSKIE";"ogółem";"Rosja";"2011";0;"osoba";"";
2600000;"ŚWIĘTOKRZYSKIE";"ogółem";"Rumunia";"2011";0;"osoba";"";
2600000;"ŚWIĘTOKRZYSKIE";"ogółem";"Serbia";"2011";0;"osoba";"";
2600000;"ŚWIĘTOKRZYSKIE";"ogółem";"Stany Zjednoczone";"2011";0;"osoba";"";
2600000;"ŚWIĘTOKRZYSKIE";"ogółem";"Szwecja";"2011";0;"osoba";"";
2600000;"ŚWIĘTOKRZYSKIE";"ogółem";"Turcja";"2011";0;"osoba";"";
2600000;"ŚWIĘTOKRZYSKIE";"ogółem";"Ukraina";"2011";348;"osoba";"";
2600000;"ŚWIĘTOKRZYSKIE";"ogółem";"Węgry";"2011";0;"osoba";"";
2600000;"ŚWIĘTOKRZYSKIE";"ogółem";"Wielka Brytania";"2011";0;"osoba";"";
2600000;"ŚWIĘTOKRZYSKIE";"ogółem";"Wietnam";"2011";0;"osoba";"";
2600000;"ŚWIĘTOKRZYSKIE";"ogółem";"Włochy";"2011";0;"osoba";"";
2800000;"WARMIŃSKO-MAZURSKIE";"ogółem";"bezpaństwowcy";"2011";14;"osoba";"";
2800000;"WARMIŃSKO-MAZURSKIE";"ogółem";"obywatelstwo nieustalone";"2011";339;"osoba";"";
2800000;"WARMIŃSKO-MAZURSKIE";"ogółem";"Arabia Saudyjska";"2011";0;"osoba";"";
2800000;"WARMIŃSKO-MAZURSKIE";"ogółem";"Armenia";"2011";0;"osoba";"";
2800000;"WARMIŃSKO-MAZURSKIE";"ogółem";"Austria";"2011";0;"osoba";"";
2800000;"WARMIŃSKO-MAZURSKIE";"ogółem";"Białoruś";"2011";104;"osoba";"";
2800000;"WARMIŃSKO-MAZURSKIE";"ogółem";"Bułgaria";"2011";0;"osoba";"";
2800000;"WARMIŃSKO-MAZURSKIE";"ogółem";"Chiny";"2011";0;"osoba";"";
2800000;"WARMIŃSKO-MAZURSKIE";"ogółem";"Czechy";"2011";0;"osoba";"";
2800000;"WARMIŃSKO-MAZURSKIE";"ogółem";"Francja";"2011";0;"osoba";"";
2800000;"WARMIŃSKO-MAZURSKIE";"ogółem";"Grecja";"2011";0;"osoba";"";
2800000;"WARMIŃSKO-MAZURSKIE";"ogółem";"Hiszpania";"2011";0;"osoba";"";
2800000;"WARMIŃSKO-MAZURSKIE";"ogółem";"Holandia";"2011";0;"osoba";"";
2800000;"WARMIŃSKO-MAZURSKIE";"ogółem";"Indie";"2011";0;"osoba";"";
2800000;"WARMIŃSKO-MAZURSKIE";"ogółem";"Japonia";"2011";0;"osoba";"";
2800000;"WARMIŃSKO-MAZURSKIE";"ogółem";"Kazachstan";"2011";0;"osoba";"";
2800000;"WARMIŃSKO-MAZURSKIE";"ogółem";"Litwa";"2011";0;"osoba";"";
2800000;"WARMIŃSKO-MAZURSKIE";"ogółem";"Mongolia";"2011";0;"osoba";"";
2800000;"WARMIŃSKO-MAZURSKIE";"ogółem";"Niemcy";"2011";287;"osoba";"";
2800000;"WARMIŃSKO-MAZURSKIE";"ogółem";"Rosja";"2011";200;"osoba";"";
2800000;"WARMIŃSKO-MAZURSKIE";"ogółem";"Rumunia";"2011";0;"osoba";"";
2800000;"WARMIŃSKO-MAZURSKIE";"ogółem";"Serbia";"2011";0;"osoba";"";
2800000;"WARMIŃSKO-MAZURSKIE";"ogółem";"Stany Zjednoczone";"2011";0;"osoba";"";
2800000;"WARMIŃSKO-MAZURSKIE";"ogółem";"Szwecja";"2011";0;"osoba";"";
2800000;"WARMIŃSKO-MAZURSKIE";"ogółem";"Turcja";"2011";0;"osoba";"";
2800000;"WARMIŃSKO-MAZURSKIE";"ogółem";"Ukraina";"2011";350;"osoba";"";
2800000;"WARMIŃSKO-MAZURSKIE";"ogółem";"Węgry";"2011";0;"osoba";"";
2800000;"WARMIŃSKO-MAZURSKIE";"ogółem";"Wielka Brytania";"2011";0;"osoba";"";
2800000;"WARMIŃSKO-MAZURSKIE";"ogółem";"Wietnam";"2011";0;"osoba";"";
2800000;"WARMIŃSKO-MAZURSKIE";"ogółem";"Włochy";"2011";0;"osoba";"";
3000000;"WIELKOPOLSKIE";"ogółem";"bezpaństwowcy";"2011";189;"osoba";"";
3000000;"WIELKOPOLSKIE";"ogółem";"obywatelstwo nieustalone";"2011";540;"osoba";"";
3000000;"WIELKOPOLSKIE";"ogółem";"Arabia Saudyjska";"2011";0;"osoba";"";
3000000;"WIELKOPOLSKIE";"ogółem";"Armenia";"2011";0;"osoba";"";
3000000;"WIELKOPOLSKIE";"ogółem";"Austria";"2011";0;"osoba";"";
3000000;"WIELKOPOLSKIE";"ogółem";"Białoruś";"2011";277;"osoba";"";
3000000;"WIELKOPOLSKIE";"ogółem";"Bułgaria";"2011";0;"osoba";"";
3000000;"WIELKOPOLSKIE";"ogółem";"Chiny";"2011";0;"osoba";"";
3000000;"WIELKOPOLSKIE";"ogółem";"Czechy";"2011";0;"osoba";"";
3000000;"WIELKOPOLSKIE";"ogółem";"Francja";"2011";0;"osoba";"";
3000000;"WIELKOPOLSKIE";"ogółem";"Grecja";"2011";0;"osoba";"";
3000000;"WIELKOPOLSKIE";"ogółem";"Hiszpania";"2011";0;"osoba";"";
3000000;"WIELKOPOLSKIE";"ogółem";"Holandia";"2011";141;"osoba";"";
3000000;"WIELKOPOLSKIE";"ogółem";"Indie";"2011";0;"osoba";"";
3000000;"WIELKOPOLSKIE";"ogółem";"Japonia";"2011";0;"osoba";"";
3000000;"WIELKOPOLSKIE";"ogółem";"Kazachstan";"2011";0;"osoba";"";
3000000;"WIELKOPOLSKIE";"ogółem";"Litwa";"2011";0;"osoba";"";
3000000;"WIELKOPOLSKIE";"ogółem";"Mongolia";"2011";0;"osoba";"";
3000000;"WIELKOPOLSKIE";"ogółem";"Niemcy";"2011";355;"osoba";"";
3000000;"WIELKOPOLSKIE";"ogółem";"Rosja";"2011";196;"osoba";"";
3000000;"WIELKOPOLSKIE";"ogółem";"Rumunia";"2011";232;"osoba";"";
3000000;"WIELKOPOLSKIE";"ogółem";"Serbia";"2011";0;"osoba";"";
3000000;"WIELKOPOLSKIE";"ogółem";"Stany Zjednoczone";"2011";0;"osoba";"";
3000000;"WIELKOPOLSKIE";"ogółem";"Szwecja";"2011";0;"osoba";"";
3000000;"WIELKOPOLSKIE";"ogółem";"Turcja";"2011";0;"osoba";"";
3000000;"WIELKOPOLSKIE";"ogółem";"Ukraina";"2011";697;"osoba";"";
3000000;"WIELKOPOLSKIE";"ogółem";"Węgry";"2011";0;"osoba";"";
3000000;"WIELKOPOLSKIE";"ogółem";"Wielka Brytania";"2011";100;"osoba";"";
3000000;"WIELKOPOLSKIE";"ogółem";"Wietnam";"2011";0;"osoba";"";
3000000;"WIELKOPOLSKIE";"ogółem";"Włochy";"2011";0;"osoba";"";
3200000;"ZACHODNIOPOMORSKIE";"ogółem";"bezpaństwowcy";"2011";35;"osoba";"";
3200000;"ZACHODNIOPOMORSKIE";"ogółem";"obywatelstwo nieustalone";"2011";926;"osoba";"";
3200000;"ZACHODNIOPOMORSKIE";"ogółem";"Arabia Saudyjska";"2011";0;"osoba";"";
3200000;"ZACHODNIOPOMORSKIE";"ogółem";"Armenia";"2011";0;"osoba";"";
3200000;"ZACHODNIOPOMORSKIE";"ogółem";"Austria";"2011";0;"osoba";"";
3200000;"ZACHODNIOPOMORSKIE";"ogółem";"Białoruś";"2011";135;"osoba";"";
3200000;"ZACHODNIOPOMORSKIE";"ogółem";"Bułgaria";"2011";0;"osoba";"";
3200000;"ZACHODNIOPOMORSKIE";"ogółem";"Chiny";"2011";0;"osoba";"";
3200000;"ZACHODNIOPOMORSKIE";"ogółem";"Czechy";"2011";0;"osoba";"";
3200000;"ZACHODNIOPOMORSKIE";"ogółem";"Francja";"2011";0;"osoba";"";
3200000;"ZACHODNIOPOMORSKIE";"ogółem";"Grecja";"2011";0;"osoba";"";
3200000;"ZACHODNIOPOMORSKIE";"ogółem";"Hiszpania";"2011";0;"osoba";"";
3200000;"ZACHODNIOPOMORSKIE";"ogółem";"Holandia";"2011";0;"osoba";"";
3200000;"ZACHODNIOPOMORSKIE";"ogółem";"Indie";"2011";0;"osoba";"";
3200000;"ZACHODNIOPOMORSKIE";"ogółem";"Japonia";"2011";0;"osoba";"";
3200000;"ZACHODNIOPOMORSKIE";"ogółem";"Kazachstan";"2011";0;"osoba";"";
3200000;"ZACHODNIOPOMORSKIE";"ogółem";"Litwa";"2011";0;"osoba";"";
3200000;"ZACHODNIOPOMORSKIE";"ogółem";"Mongolia";"2011";0;"osoba";"";
3200000;"ZACHODNIOPOMORSKIE";"ogółem";"Niemcy";"2011";461;"osoba";"";
3200000;"ZACHODNIOPOMORSKIE";"ogółem";"Rosja";"2011";219;"osoba";"";
3200000;"ZACHODNIOPOMORSKIE";"ogółem";"Rumunia";"2011";0;"osoba";"";
3200000;"ZACHODNIOPOMORSKIE";"ogółem";"Serbia";"2011";0;"osoba";"";
3200000;"ZACHODNIOPOMORSKIE";"ogółem";"Stany Zjednoczone";"2011";0;"osoba";"";
3200000;"ZACHODNIOPOMORSKIE";"ogółem";"Szwecja";"2011";0;"osoba";"";
3200000;"ZACHODNIOPOMORSKIE";"ogółem";"Turcja";"2011";0;"osoba";"";
3200000;"ZACHODNIOPOMORSKIE";"ogółem";"Ukraina";"2011";547;"osoba";"";
3200000;"ZACHODNIOPOMORSKIE";"ogółem";"Węgry";"2011";0;"osoba";"";
3200000;"ZACHODNIOPOMORSKIE";"ogółem";"Wielka Brytania";"2011";0;"osoba";"";
3200000;"ZACHODNIOPOMORSKIE";"ogółem";"Wietnam";"2011";0;"osoba";"";
3200000;"ZACHODNIOPOMORSKIE";"ogółem";"Włochy";"2011";0;"osoba";"";
